id;contract_id;interest_pay_date;interest_pay_amount;payer_name;note;status
1;49752;2022-04-18T18:31:09;83470;digital Balanced;paradigm Mouse;false
2;67676;2022-04-19T01:53:36;77686;Card online;Industrial bandwidth applications;true
3;40923;2022-04-19T02:57:14;35749;disintermediate;bluetooth;false
4;80318;2022-04-19T09:47:11;76954;Small action-items;program grey transmitter;false
5;15157;2022-04-19T14:33:47;34667;Markets Bedfordshire Home;Avon navigating experiences;false
6;61662;2022-04-19T05:01:35;56907;maximize COM;Sausages Intranet;true
7;4997;2022-04-19T07:22:54;55088;Human networks Idaho;leverage Mouse THX;true
8;37495;2022-04-19T08:24:34;33443;Clothing;Lanka open-source Metal;false
9;44732;2022-04-19T09:19:36;4503;Checking;Pound calculate;false
10;62850;2022-04-19T02:44:49;4941;virtual extensible;deposit program copying;true
