id;contract_id;interest_paid_date;payer_name;paid_amount;note
1;49588;2022-04-15T17:35:21;Account Music Chicken;21219;Springs
2;89432;2022-04-15T16:43:34;Rubber;43577;ivory Iowa implementation
3;2923;2022-04-15T18:51:04;deposit;56004;navigate
4;71883;2022-04-16T02:04:37;Iceland Plastic Fantastic;69718;Fresh
5;66876;2022-04-16T15:59:21;Credit Assurance;30196;bifurcated
6;5194;2022-04-15T21:50:49;South;71818;emulation bifurcated
7;64966;2022-04-16T06:05:19;Yen extend Officer;87873;generating
8;62418;2022-04-16T02:38:27;Incredible;5650;Ireland
9;9783;2022-04-16T10:05:54;action-items Convertible;17239;program
10;82543;2022-04-16T06:00:29;Checking copying;57518;Credit
